official_gazette_reference_ar,protection_decision_reference_ar,protection_category_ar,protected_site_name_as_published_ar,decision_year_as_published,province_as_published_ar,source_table_index,source_row_index
ج . ر، رقم 1538 في 17 أبريل 1942,قرار وزيري بتاريخ 25 مارس 1942,الترتيب,منطقة الحماية لمقلع سيدي عبد الرحمان,1942,الدار البيضاء,0,1
ج . ر، رقم 2015 في 08 يونيو 1951,قرار وزيري بتاريخ 12 ماي 1951,الترتيب,طبقتين جيولوجيتين وأثريتين بمقلع سيدي عبد الرحمان,1951,الدار البيضاء,0,2
ج . ر، رقم 4795 في 15 ماي 2000,قرار رقم 411.00 في 07 ذي الحجة 1420 (14 مارس 2000),التقييد,واجهات فندق لينكولن,2000,الدار البيضاء,0,4
ج . ر، رقم 5134 في 14 أغسطس 2003,قرار رقم 1302.03 في 26 ربيع الاخر 1424 (27 يونيو 2003),التقييد,قصر المعرض,2003,الدار البيضاء,0,5
ج . ر، رقم 5134 في 14 أغسطس 2003,قرار رقم 1302.03 في 26 ربيع الاخر 1424 (27 يونيو 2003),التقييد,الحوض المائي l'Aquarium,2003,الدار البيضاء,0,6
ج . ر، رقم 5134 في 14 أغسطس 2003,قرار رقم 1302.03 في 26 ربيع الاخر 1424 (27 يونيو 2003),التقييد,حديقة مردوخ,2003,الدار البيضاء,0,7
ج . ر، رقم 5134 في 14 أغسطس 2003,قرار رقم 1302.03 في 26 ربيع الاخر 1424 (27 يونيو 2003),التقييد,المجازر الجماعية الحي المحمدي,2003,الدار البيضاء,0,8
ج . ر، رقم 5134 في 14 أغسطس 2003,قرار رقم 1302.03 في 26 ربيع الاخر 1424 (27 يونيو 2003),التقييد,Violetta فيلا,2003,الدار البيضاء,0,9
ج . ر، رقم 5134 في 14 أغسطس 2003,قرار رقم 1302.03 في 26 ربيع الاخر 1424 (27 يونيو 2003),التقييد,les Tourelles فيلا,2003,الدار البيضاء,0,10
ج . ر، رقم 5134 في 14 أغسطس 2003,قرار رقم 1302.03 في 26 ربيع الاخر 1424 (27 يونيو 2003),التقييد,Suissa فيلا,2003,الدار البيضاء,0,11
ج . ر، رقم 5134 في 14 أغسطس 2003,قرار رقم 1302.03 في 26 ربيع الاخر 1424 (27 يونيو 2003),التقييد,Rouge فيلا,2003,الدار البيضاء,0,12
ج . ر، رقم 5134 في 14 أغسطس 2003,قرار رقم 1302.03 في 26 ربيع الاخر 1424 (27 يونيو 2003),التقييد,Ronde فيلا,2003,الدار البيضاء,1,1
ج . ر، رقم 5166 في 04 ديسمبر 2003,قرار رقم 2010.03 في 04 جمادى الاولى 1424 (5 يوليو 2003),التقييد,« Sacré coeur» كنيسة,2003,الدار البيضاء,1,2
ج . ر، رقم 5166 في 04 ديسمبر 2003,قرار رقم 2010.03 في 04 جمادى الاولى 1424 (5 يوليو 2003),التقييد,البريد,2003,الدار البيضاء,1,3
ج . ر، رقم 5166 في 04 ديسمبر 2003,قرار رقم 2010.03 في 04 جمادى الاولى 1424 (5 يوليو 2003),التقييد,الحزينة الجهوية,2003,الدار البيضاء,1,4
ج . ر، رقم 5166 في 04 ديسمبر 2003,قرار رقم 2010.03 في 04 جمادى الاولى 1424 (5 يوليو 2003),التقييد,مقر ولاية الدار البيضاء الكبرى,2003,الدار البيضاء,1,5
ج . ر، رقم 5166 في 04 ديسمبر 2003,قرار رقم 2010.03 في 04 جمادى الاولى 1424 (5 يوليو 2003),التقييد,مقر قصر العدالة,2003,الدار البيضاء,1,6
ج . ر، رقم 5166 في 04 ديسمبر 2003,قرار رقم 2010.03 في 04 جمادى الاولى 1424 (5 يوليو 2003),التقييد,مقر البنك التجاري المغربي,2003,الدار البيضاء,1,7
ج . ر، رقم 5166 في 04 ديسمبر 2003,قرار رقم 2010.03 في 04 جمادى الاولى 1424 (5 يوليو 2003),التقييد,مقر بنك المغرب,2003,الدار البيضاء,1,8
ج . ر، رقم 5166 في 04 ديسمبر 2003,قرار رقم 2010.03 في 04 جمادى الاولى 1424 (5 يوليو 2003),التقييد,مقر عمالة المشور,2003,الدار البيضاء,1,9
ج . ر، رقم 5166 في 04 ديسمبر 2003,قرار رقم 2010.03 في 04 جمادى الاولى 1424 (5 يوليو 2003),التقييد,السوق المركزي,2003,الدار البيضاء,1,10
ج . ر، رقم 5166 في 04 ديسمبر 2003,قرار رقم 2010.03 في 04 جمادى الاولى 1424 (5 يوليو 2003),التقييد,Maret بناية معروفة بعمارة,2003,الدار البيضاء,1,11
ج . ر، رقم 5166 في 04 ديسمبر 2003,قرار رقم 2010.03 في 04 جمادى الاولى 1424 (5 يوليو 2003),التقييد,El Glaoui بناية معروفة بعمارة,2003,الدار البيضاء,1,12
ج . ر، رقم 5166 في 04 ديسمبر 2003,قرار رقم 2010.03 في 04 جمادى الاولى 1424 (5 يوليو 2003),التقييد,Maroc Soir بناية معروفة بعمارة,2003,الدار البيضاء,1,13
ج . ر، رقم 5166 في 04 ديسمبر 2003,قرار رقم 2010.03 في 04 جمادى الاولى 1424 (5 يوليو 2003),التقييد,Assayag بناية معروفة بعمارة,2003,الدار البيضاء,1,15
ج . ر، رقم 5166 في 04 ديسمبر 2003,قرار رقم 2010.03 في 04 جمادى الاولى 1424 (5 يوليو 2003),التقييد,فندق وليلي,2003,الدار البيضاء,1,16
ج . ر، رقم 5166 في 04 ديسمبر 2003,قرار رقم 2010.03 في 04 جمادى الاولى 1424 (5 يوليو 2003),التقييد,فندق اكسيليسيور,2003,الدار البيضاء,1,17
ج . ر، رقم 5209 في 03 ماي 2004,قرار رقم 540.04 في 25 محرم 1425 (17 مارس 2004),التقييد,مستشفى 20 غشت,2004,الدار البيضاء,1,18
ج . ر، رقم 5209 في 03 ماي 2004,قرار رقم 540.04 في 25 محرم 1425 (17 مارس 2004),التقييد,شركة التبغ,2004,الدار البيضاء,1,19
ج . ر، رقم 5209 في 03 ماي 2004,قرار رقم 540.04 في 25 محرم 1425 (17 مارس 2004),التقييد,Comptoir métallurgique بناية معروفة ب,2004,الدار البيضاء,1,20
ج . ر، رقم 5209 في 03 ماي 2004,قرار رقم 540.04 في 25 محرم 1425 (17 مارس 2004),التقييد,بريد الحبوس,2004,الدار البيضاء,1,21
ج . ر، رقم 5209 في 03 ماي 2004,قرار رقم 540.04 في 25 محرم 1425 (17 مارس 2004),التقييد,الدائرة العسكرية,2004,الدار البيضاء,1,22
ج . ر، رقم 5209 في 03 ماي 2004,قرار رقم 540.04 في 25 محرم 1425 (17 مارس 2004),التقييد,حي بوسبير,2004,الدار البيضاء,1,23
ج . ر، رقم 5209 في 03 ماي 2004,قرار رقم 540.04 في 25 محرم 1425 (17 مارس 2004),التقييد,ثانوية خناثة بنت بكار,2004,الدار البيضاء,1,24
ج . ر، رقم 5209 في 03 ماي 2004,قرار رقم 540.04 في 25 محرم 1425 (17 مارس 2004),التقييد,ثانوية الخوارزمي,2004,الدار البيضاء,1,25
ج . ر، رقم 5209 في 03 ماي 2004,قرار رقم 540.04 في 25 محرم 1425 (17 مارس 2004),التقييد,ثانوية ابت تومرت,2004,الدار البيضاء,1,26
ج . ر، رقم 5209 في 03 ماي 2004,قرار رقم 540.04 في 25 محرم 1425 (17 مارس 2004),التقييد,اعدادية القسطلاني,2004,الدار البيضاء,1,27
ج . ر، رقم 5209 في 03 ماي 2004,قرار رقم 540.04 في 25 محرم 1425 (17 مارس 2004),التقييد,مدرسة الازهر,2004,الدار البيضاء,1,29
ج . ر، رقم 5209 في 03 ماي 2004,قرار رقم 540.04 في 25 محرم 1425 (17 مارس 2004),التقييد,بناية معروفة ب عمارة التازي,2004,الدار البيضاء,1,30
ج . ر، رقم 5209 في 03 ماي 2004,قرار رقم 540.04 في 25 محرم 1425 (17 مارس 2004),التقييد,Les Studios بناية معروفة ب عمارة,2004,الدار البيضاء,1,31
ج . ر، رقم 5209 في 03 ماي 2004,قرار رقم 540.04 في 25 محرم 1425 (17 مارس 2004),التقييد,فندق طانس اطلنتيك,2004,الدار البيضاء,1,32
ج . ر، رقم 5209 في 03 ماي 2004,قرار رقم 540.04 في 25 محرم 1425 (17 مارس 2004),التقييد,ثانوية محمد الخامس,2004,الدار البيضاء,1,33
ج . ر، رقم 5209 في 03 ماي 2004,قرار رقم 540.04 في 25 محرم 1425 (17 مارس 2004),التقييد,Shell بناية معروفة ب عمارة,2004,الدار البيضاء,1,34
ج . ر، رقم 5209 في 03 ماي 2004,قرار رقم 540.04 في 25 محرم 1425 (17 مارس 2004),التقييد,بناية معروفة بعمارة بن دحان,2004,الدار البيضاء,1,35
ج . ر، رقم 5345 في 22 اغسطس 2005,قرار رقم 1386.05 في 29 جمادى الاولى 1425 (7 يوليو 2005),التقييد,Sony بناية معروفة ب عمارة,2005,الدار البيضاء,1,36
ج . ر، رقم 5345 في 22 اغسطس 2005,قرار رقم 1386.05 في 29 جمادى الاولى 1425 (7 يوليو 2005),التقييد,3963 /c عمارة دات الرسم العقاري,2005,الدار البيضاء,1,37
ج . ر، رقم 5345 في 22 اغسطس 2005,قرار رقم 1386.05 في 29 جمادى الاولى 1425 (7 يوليو 2005),التقييد,بناية معروفة ب عمارة نيبتون,2005,الدار البيضاء,1,38
ج . ر، رقم 5345 في 22 اغسطس 2005,قرار رقم 1386.05 في 29 جمادى الاولى 1425 (7 يوليو 2005),التقييد,La Princière بناية معروفة بعمارة,2005,الدار البيضاء,1,39
ج . ر، رقم 5392 في 02 فبراير 2006,قرار رقم 68.06 في 28 ذي القعدة 1426 (30 ديسمبر 2005),التقييد,فندق ماجستيك,2006,الدار البيضاء,1,40
ج . ر، رقم 5392 في 02 فبراير 2006,قرار رقم 68.06 في 28 ذي القعدة 1426 (30 ديسمبر 2005),التقييد,الصيدلية المركزية,2006,الدار البيضاء,1,41
ج . ر، رقم 5919 في 21 فبراير 2011,قرار رقم 196.11 في 20 صفر 1432 (25 يناير 2011),التقييد,Piot عمارة,2011,الدار البيضاء,2,1
ج . ر، رقم 5924 في 10 مارس 2011,قرار رقم 352.11 في 05 ربيع الاول 1432 (09 فبراير 2011),التقييد,Bonnici فيلا,2011,الدار البيضاء,2,2
ج . ر، رقم 5955 في 27 يونيو 2011,قرار رقم 336.11 في 03 ربيع الاول 1432 (07 فبراير 2011),التقييد,Colmar عمارة,2011,الدار البيضاء,2,3
ج . ر، رقم 6039 في 16 ابريل 2012,قرار رقم 718.12 في 29 ربيع الاخر 1433 (22 مارس 2012),التقييد,معمل جوييارد,2012,الدار البيضاء,2,4
ج . ر، رقم 6039 في 16 ابريل 2012,قرار رقم 718.12 في 29 ربيع الاخر 1433 (22 مارس 2012),التقييد,Charlot فيلا,2012,الدار البيضاء,2,5
ج . ر، رقم 6039 في 16 ابريل 2012,قرار رقم 718.12 في 29 ربيع الاخر 1433 (22 مارس 2012),التقييد,المصرف المغربي رقم 4,2012,الدار البيضاء,2,6
ج . ر، رقم 6039 في 16 ابريل 2012,قرار رقم 718.12 في 29 ربيع الاخر 1433 (22 مارس 2012),التقييد,بناية عمارة المحطة,2012,الدار البيضاء,2,7
ج . ر، رقم 6039 في 16 ابريل 2012,قرار رقم 718.12 في 29 ربيع الاخر 1433 (22 مارس 2012),التقييد,الملك المسمى مارسيل و الملك المسمى محمد بن العربي ينكيران,2012,الدار البيضاء,2,8
ج . ر، رقم 6180 في 22 أغسطس 2013,قرار رقم 1987 .13 في 24 رمضان 1434 (02 اغسطس 2013),التقييد,الكنيسة الارتودوكسية الروسية,2013,الدار البيضاء,2,9
ج . ر، رقم 6211 في 05 ديسمبر 2013,قرار رقم 2839 .13 في 03 محرم 1435 (07 نوفمبر 2013),التقييد,المدينة العتيقة بالدار البيضاء,2013,الدار البيضاء,2,10
ج . ر، رقم 6211 في 09 ديسمبر 2013,قرار رقم 3112 .13 في 03 محرم 1435 (07 نوفمبر 2013),التقييد,Alexendre البناية المعروفة ب,2013,الدار البيضاء,2,11
ج . ر، رقم 6211 في 09 ديسمبر 2013,قرار رقم 3113 .13 في 03 محرم 1435 (07 نوفمبر 2013),التقييد,Abc سينما,2013,الدار البيضاء,2,12
ج . ر، رقم 6211 في 09 ديسمبر 2013,قرار رقم 3114 .13 في 03 محرم 1435 (07 نوفمبر 2013),التقييد,Vélodrome ملعب,2013,الدار البيضاء,2,13
ج . ر، رقم 6252 في 01 ماي 2014,قرار رقم 736.14 في 10 جمادى الاولى 1435 (12 مارس 2014),التقييد,Versano فيلا,2014,الدار البيضاء,2,15
ج . ر، رقم 6252 في 01 ماي 2014,قرار رقم 735.14 في 10 جمادى الاولى 1435 (12 مارس 2014),التقييد,بناية الشركة الجديدة للمطابع,2014,الدار البيضاء,2,16
ج . ر، رقم 6252 في 01 ماي 2014,قرار رقم 737.14 في 10 جمادى الاولى 1435 (12 مارس 2014),التقييد,Volvo كراج,2014,الدار البيضاء,2,17
ج . ر، رقم 6252 في 01 ماي 2014,قرار رقم 738.14 في 10 جمادى الاولى 1435 (12 مارس 2014),التقييد,Atlas سينما,2014,الدار البيضاء,2,18
ج . ر، رقم 6252 في 01 ماي 2014,قرار رقم 739.14 في 10 جمادى الاولى 1435 (12 مارس 2014),التقييد,Mamounia سينما,2014,الدار البيضاء,2,19
ج . ر، رقم 6252 في 01 ماي 2014,قرار رقم 740.14 في 10 جمادى الاولى 1435 (12 مارس 2014),التقييد,Lux سينما,2014,الدار البيضاء,2,20
ج . ر، رقم 6252 في 01 ماي 2014,قرار رقم 741.14 في 10 جمادى الاولى 1435 (12 مارس 2014),التقييد,Verdun سينما,2014,الدار البيضاء,2,21
ج . ر، رقم 6252 في 01 ماي 2014,قرار رقم 742.14 في 10 جمادى الاولى 1435 (12 مارس 2014),التقييد,Saada سينما,2014,الدار البيضاء,2,22
ج . ر، رقم 6252 في 01 ماي 2014,قرار رقم 743.14 في 10 جمادى الاولى 1435 (12 مارس 2014),التقييد,Kawakib سينما,2014,الدار البيضاء,2,23
ج . ر، رقم 6252 في 01 ماي 2014,قرار رقم 744.14 في 10 جمادى الاولى 1435 (12 مارس 2014),التقييد,Polio سينما,2014,الدار البيضاء,2,24
ج . ر، رقم 6252 في 01 ماي 2014,قرار رقم 745.14 في 10 جمادى الاولى 1435 (12 مارس 2014),التقييد,Empire سينما,2014,الدار البيضاء,2,25
ج . ر، رقم 6252 في 01 ماي 2014,قرار رقم 746.14 في 10 جمادى الاولى 1435 (12 مارس 2014),التقييد,Opéra سينما,2014,الدار البيضاء,2,26
ج . ر، رقم 6252 في 01 ماي 2014,قرار رقم 747.14 في 10 جمادى الاولى 1435 (12 مارس 2014),التقييد,Imperial سينما,2014,الدار البيضاء,2,27
ج . ر، رقم 6252 في 01 ماي 2014,قرار رقم 748.14 في 10 جمادى الاولى 1435 (12 مارس 2014),التقييد,Liberté سينما,2014,الدار البيضاء,3,1
ج . ر، رقم 6252 في 01 ماي 2014,قرار رقم 749.14 في 10 جمادى الاولى 1435 (12 مارس 2014),التقييد,l’arc سينما,2014,الدار البيضاء,3,2
ج . ر، رقم 6252 في 01 ماي 2014,قرار رقم 943.14 في 10 جمادى الاولى 1435 (12 مارس 2014),التقييد,بناية نوشي 4,2014,الدار البيضاء,3,3
ج . ر، رقم 6292 في 18 شتنبر 2014,قرار رقم 2670.14 في 19 رمضان 1435 (17 يوليو 2014),التقييد,Grand hotel بناية,2014,الدار البيضاء,3,4
ج . ر، رقم 6292 في 18 شتنبر 2014,قرار رقم 2670.14 في 19 رمضان 1435 (17 يوليو 2014),التقييد,Ida Jina بناية,2014,الدار البيضاء,3,5
ج . ر، رقم 6292 في 18 شتنبر 2014,قرار رقم 2670.14 في 19 رمضان 1435 (17 يوليو 2014),التقييد,Och بناية,2014,الدار البيضاء,3,6
ج . ر، رقم 6292 في 18 شتنبر 2014,قرار رقم 2670.14 في 19 رمضان 1435 (17 يوليو 2014),التقييد,J . Parrain بناية,2014,الدار البيضاء,3,7
ج . ر، رقم 6344 في 19 مارس 2015,قرار رقم 510.15 في 27 ربيع الاخر 1436 (17 فبراير 2015),التقييد,بناية الكنيسة الايطالية Christ Roi,2015,الدار البيضاء,3,8
ج . ر، رقم 6344 في 19 مارس 2015,قرار رقم 511.15 في 27 ربيع الاخر 1436 (17 فبراير 2015),التقييد,بناية المحطة الطرقية,2015,الدار البيضاء,3,9
ج . ر، رقم 6344 في 19 مارس 2015,قرار رقم 512.15 في 27 ربيع الاخر 1436 (17 فبراير 2015),التقييد,بناية الحي العمالي كوزيما,2015,الدار البيضاء,3,10
ج . ر، رقم 6344 في 19 مارس 2015,قرار رقم 513.15 في 27 ربيع الاخر 1436 (17 فبراير 2015),التقييد,بناية روزا,2015,الدار البيضاء,3,11
ج . ر، رقم 6344 في 19 مارس 2015,قرار رقم 510.15 في 27 ربيع الاخر 1436 (17 فبراير 2015),التقييد,بناية ميدان سباق الخيل,2015,الدار البيضاء,3,12
ج . ر، رقم 6671 في 07 ماي 2018,قرار رقم 897.18 في 13 جمادى الاخرة 1439 (02 مارس 2018),التقييد,مسجد الحسن الثاني,2018,الدار البيضاء,4,1
ج . ر، رقم 6671 في 07 ماي 2018,قرار رقم 898.18 في 13 جمادى الاخرة 1439 (02 مارس 2018),التقييد,الحي العمالي سوسيكا,2018,الدار البيضاء,4,2
ج . ر، رقم 6671 في 07 ماي 2018,قرار رقم 899.18 في 13 جمادى الاخرة 1439 (02 مارس 2018),التقييد,مدرسة اغوستين سورزاك,2018,الدار البيضاء,4,3
ج . ر، رقم 6671 في 07 ماي 2018,قرار رقم 900.18 في 13 جمادى الاخرة 1439 (02 مارس 2018),التقييد,كراج رونو,2018,الدار البيضاء,4,4
ج . ر، رقم 6671 في 07 ماي 2018,قرار رقم 901.18 في 13 جمادى الاخرة 1439 (02 مارس 2018),التقييد,كراج فياط,2018,الدار البيضاء,4,5
ج . ر، رقم 6671 في 07 ماي 2018,قرار رقم 902.18 في 13 جمادى الاخرة 1439 (02 مارس 2018),التقييد,كراج كولي,2018,الدار البيضاء,4,6
ج . ر، رقم 6671 في 07 ماي 2018,قرار رقم 903.18 في 13 جمادى الاخرة 1439 (02 مارس 2018),التقييد,كراج روايال,2018,الدار البيضاء,4,7
ج . ر، رقم 6671 في 07 ماي 2018,قرار رقم 904.18 في 13 جمادى الاخرة 1439 (02 مارس 2018),التقييد,كراج مارسيل رايغوت,2018,الدار البيضاء,4,8
ج . ر، رقم 6671 في 07 ماي 2018,قرار رقم 905.18 في 13 جمادى الاخرة 1439 (02 مارس 2018),التقييد,بناية باكاطيل,2018,الدار البيضاء,4,9
ج . ر، رقم 6671 في 07 ماي 2018,قرار رقم 897.18 في 13 جمادى الاخرة 1439 (02 مارس 2018),التقييد,بناية Pinto,2018,الدار البيضاء,4,10
ج . ر، رقم 6671 في 07 ماي 2018,قرار رقم 906.18 في 13 جمادى الاخرة 1439 (02 مارس 2018),التقييد,بناية علمي السوسي,2018,الدار البيضاء,4,11
ج . ر، رقم 6671 في 07 ماي 2018,قرار رقم 907.18 في 13 جمادى الاخرة 1439 (02 مارس 2018),التقييد,فيلا فيك,2018,الدار البيضاء,4,12
ج . ر، رقم 6671 في 07 ماي 2018,قرار رقم 908.18 في 13 جمادى الاخرة 1439 (02 مارس 2018),التقييد,فيلا جورج,2018,الدار البيضاء,4,13
ج . ر، رقم 6671 في 07 ماي 2018,قرار رقم 909.18 في 13 جمادى الاخرة 1439 (02 مارس 2018),التقييد,فيلا مستقبل مرس السلطان,2018,الدار البيضاء,5,1
ج . ر، رقم 6671 في 07 ماي 2018,قرار رقم 910.18 في 13 جمادى الاخرة 1439 (02 مارس 2018),التقييد,فيلا تجزئة مرس السلطان,2018,الدار البيضاء,5,2
ج . ر رقم 6686 ، في 28 يونيو 2018,قراررقم 1662.18 صادر في 07 من رمضان 1439 ( 23 ماي 2018).,التقييد,فيلا نيللي,2018,الدار البيضاء,5,3
ج . ر رقم 6686 ، في 28 يونيو 2018,قراررقم 1663.18 صادر في 07 من رمضان 1439 ( 23 ماي 2018).,التقييد,بناية فيلا جون ماري,2018,الدار البيضاء,5,4
ج . ر رقم 6686 ، في 28 يونيو 2018,قراررقم 1664.18 صادر في 07 من رمضان 1439 ( 23 ماي 2018).,التقييد,بناية Les rossignols,2018,الدار البيضاء,5,5
ج . ر رقم 6686 ، في 28 يونيو 2018,قراررقم 1665.18 صادر في 07 من رمضان 1439 ( 23 ماي 2018).,التقييد,بناية كراج سيتروين Citroën,2018,الدار البيضاء,5,6
ج . ر رقم 6686 ، في 28 يونيو 2018,قراررقم 1666.18 صادر في 07 من رمضان 1439 ( 23 ماي 2018).,التقييد,بناية كراج بلاص أ وطو Palace Auto,2018,الدار البيضاء,5,7
ج . ر، رقم 6671 في 07 ماي 2018,قرار رقم 896.18 في 13 جمادى الاخرة 1439 (02 مارس 2018),التقييد,المحطة الجوية تيط مليل,2018,الدار البيضاء,5,8
